{
  "dataset_revision": "b0fddb56ed78048fa8b90373c8a3cfc37b684831",
  "evaluation_time": 86.66047763824463,
  "kg_co2_emissions": null,
  "mteb_version": "1.15.2",
  "scores": {
    "test": [
      {
        "cosine_pearson": 0.8412192213074884,
        "cosine_spearman": 0.8277846209374387,
        "euclidean_pearson": 0.832782882649907,
        "euclidean_spearman": 0.8277846209374387,
        "hf_subset": "default",
        "languages": [
          "eng-Latn"
        ],
        "main_score": 0.8277846209374387,
        "manhattan_pearson": 0.8315531768241998,
        "manhattan_spearman": 0.8269152486064133,
        "pearson": 0.8412192213074884,
        "spearman": 0.8277846209374387
      }
    ]
  },
  "task_name": "STSBenchmark"
}