{
  "dataset_revision": "b0fddb56ed78048fa8b90373c8a3cfc37b684831",
  "evaluation_time": 3.00346040725708,
  "kg_co2_emissions": null,
  "mteb_version": "1.15.2",
  "scores": {
    "test": [
      {
        "cosine_pearson": 0.8400028269807357,
        "cosine_spearman": 0.8340129418813063,
        "euclidean_pearson": 0.8385028262035714,
        "euclidean_spearman": 0.8348957790398199,
        "hf_subset": "default",
        "languages": [
          "eng-Latn"
        ],
        "main_score": 0.8340129418813063,
        "manhattan_pearson": 0.8349711738826264,
        "manhattan_spearman": 0.8311542824597852,
        "pearson": 0.8400028285573895,
        "spearman": 0.8340129418813063
      }
    ]
  },
  "task_name": "STSBenchmark"
}