{
  "dataset_revision": "20a6d6f312dd54037fe07a32d58e5e168867909d",
  "evaluation_time": 39.28203988075256,
  "kg_co2_emissions": null,
  "mteb_version": "1.15.2",
  "scores": {
    "test": [
      {
        "cosine_pearson": 0.8517970292928574,
        "cosine_spearman": 0.7974701459899999,
        "euclidean_pearson": 0.8239296807901548,
        "euclidean_spearman": 0.7966453974511375,
        "hf_subset": "default",
        "languages": [
          "eng-Latn"
        ],
        "main_score": 0.7974701459899999,
        "manhattan_pearson": 0.8180561987859434,
        "manhattan_spearman": 0.7939650844101793,
        "pearson": 0.8517970294663699,
        "spearman": 0.7974700431710136
      }
    ]
  },
  "task_name": "SICK-R"
}