{
  "dataset_revision": "b0fddb56ed78048fa8b90373c8a3cfc37b684831",
  "evaluation_time": 7.127397060394287,
  "kg_co2_emissions": null,
  "mteb_version": "1.15.2",
  "scores": {
    "test": [
      {
        "cosine_pearson": 0.8412606571479601,
        "cosine_spearman": 0.8464567244858906,
        "euclidean_pearson": 0.8448282388136424,
        "euclidean_spearman": 0.8437269934028472,
        "hf_subset": "default",
        "languages": [
          "eng-Latn"
        ],
        "main_score": 0.8464567244858906,
        "manhattan_pearson": 0.8105823080971242,
        "manhattan_spearman": 0.8266557983381307,
        "pearson": 0.84126065835333,
        "spearman": 0.8464567244858906
      }
    ]
  },
  "task_name": "STSBenchmark"
}