{
  "dataset_revision": "20a6d6f312dd54037fe07a32d58e5e168867909d",
  "evaluation_time": 30.286223649978638,
  "kg_co2_emissions": null,
  "mteb_version": "1.15.2",
  "scores": {
    "test": [
      {
        "cosine_pearson": 0.8395106739027336,
        "cosine_spearman": 0.8052012599822228,
        "euclidean_pearson": 0.8063848101106862,
        "euclidean_spearman": 0.8058646975742099,
        "hf_subset": "default",
        "languages": [
          "eng-Latn"
        ],
        "main_score": 0.8052012599822228,
        "manhattan_pearson": 0.8037868045510927,
        "manhattan_spearman": 0.8036487158362593,
        "pearson": 0.8395106753087174,
        "spearman": 0.8052015096377872
      }
    ]
  },
  "task_name": "SICK-R"
}