{
  "dataset_revision": "20a6d6f312dd54037fe07a32d58e5e168867909d",
  "evaluation_time": 5.056908845901489,
  "kg_co2_emissions": null,
  "mteb_version": "1.15.2",
  "scores": {
    "test": [
      {
        "cosine_pearson": 0.83693119761541,
        "cosine_spearman": 0.7747951270909771,
        "euclidean_pearson": 0.806221596002332,
        "euclidean_spearman": 0.7745893823388752,
        "hf_subset": "default",
        "languages": [
          "eng-Latn"
        ],
        "main_score": 0.7747951270909771,
        "manhattan_pearson": 0.8046829876113284,
        "manhattan_spearman": 0.773104752829815,
        "pearson": 0.8369311982213997,
        "spearman": 0.774795086316566
      }
    ]
  },
  "task_name": "SICK-R"
}