{
  "dataset_revision": "b0fddb56ed78048fa8b90373c8a3cfc37b684831",
  "evaluation_time": 1.1952521800994873,
  "kg_co2_emissions": null,
  "mteb_version": "1.15.2",
  "scores": {
    "test": [
      {
        "cosine_pearson": 0.8279004231099802,
        "cosine_spearman": 0.820280396091307,
        "euclidean_pearson": 0.8232402948662029,
        "euclidean_spearman": 0.8181374019975969,
        "hf_subset": "default",
        "languages": [
          "eng-Latn"
        ],
        "main_score": 0.820280396091307,
        "manhattan_pearson": 0.8189617019960161,
        "manhattan_spearman": 0.8143035550142157,
        "pearson": 0.8279004267325472,
        "spearman": 0.820280396091307
      }
    ]
  },
  "task_name": "STSBenchmark"
}