{
  "dataset_revision": "20a6d6f312dd54037fe07a32d58e5e168867909d",
  "evaluation_time": 5.159935235977173,
  "kg_co2_emissions": null,
  "mteb_version": "1.15.2",
  "scores": {
    "test": [
      {
        "cosine_pearson": 0.838332993873163,
        "cosine_spearman": 0.7758102743041814,
        "euclidean_pearson": 0.8073039315133845,
        "euclidean_spearman": 0.7756877883561397,
        "hf_subset": "default",
        "languages": [
          "eng-Latn"
        ],
        "main_score": 0.7758102743041814,
        "manhattan_pearson": 0.8064042625817986,
        "manhattan_spearman": 0.7743223656334218,
        "pearson": 0.8383329937488315,
        "spearman": 0.7758102478012294
      }
    ]
  },
  "task_name": "SICK-R"
}