{
  "dataset_revision": "20a6d6f312dd54037fe07a32d58e5e168867909d",
  "evaluation_time": 14.551289319992065,
  "kg_co2_emissions": null,
  "mteb_version": "1.15.2",
  "scores": {
    "test": [
      {
        "cosine_pearson": 0.8399171608218454,
        "cosine_spearman": 0.8053791207541625,
        "euclidean_pearson": 0.805553711251806,
        "euclidean_spearman": 0.8049263683547719,
        "hf_subset": "default",
        "languages": [
          "eng-Latn"
        ],
        "main_score": 0.8053791207541625,
        "manhattan_pearson": 0.8005108187270276,
        "manhattan_spearman": 0.8009228094312472,
        "pearson": 0.8399171614032456,
        "spearman": 0.8053790440064479
      }
    ]
  },
  "task_name": "SICK-R"
}