{
  "dataset_revision": "b0fddb56ed78048fa8b90373c8a3cfc37b684831",
  "evaluation_time": 3.0146536827087402,
  "kg_co2_emissions": null,
  "mteb_version": "1.15.2",
  "scores": {
    "test": [
      {
        "cosine_pearson": 0.8376169528543821,
        "cosine_spearman": 0.8302915073873082,
        "euclidean_pearson": 0.8330901500752429,
        "euclidean_spearman": 0.8290992839074695,
        "hf_subset": "default",
        "languages": [
          "eng-Latn"
        ],
        "main_score": 0.8302915073873082,
        "manhattan_pearson": 0.8154100940360294,
        "manhattan_spearman": 0.8150662556002037,
        "pearson": 0.8376169608757081,
        "spearman": 0.8302915073873082
      }
    ]
  },
  "task_name": "STSBenchmark"
}