{
  "dataset_revision": "20a6d6f312dd54037fe07a32d58e5e168867909d",
  "evaluation_time": 39.462587118148804,
  "kg_co2_emissions": null,
  "mteb_version": "1.15.2",
  "scores": {
    "test": [
      {
        "cosine_pearson": 0.8546780197893334,
        "cosine_spearman": 0.7982442003104386,
        "euclidean_pearson": 0.8269620612658615,
        "euclidean_spearman": 0.7981064684811511,
        "hf_subset": "default",
        "languages": [
          "eng-Latn"
        ],
        "main_score": 0.7982442003104386,
        "manhattan_pearson": 0.8268131277000319,
        "manhattan_spearman": 0.7977407795615226,
        "pearson": 0.8546780236836733,
        "spearman": 0.7982444588812134
      }
    ]
  },
  "task_name": "SICK-R"
}