{
  "dataset_revision": "b0fddb56ed78048fa8b90373c8a3cfc37b684831",
  "evaluation_time": 7.317256689071655,
  "kg_co2_emissions": null,
  "mteb_version": "1.15.2",
  "scores": {
    "test": [
      {
        "cosine_pearson": 0.8538222695905139,
        "cosine_spearman": 0.8597975443941517,
        "euclidean_pearson": 0.8603489436258623,
        "euclidean_spearman": 0.8599886826763267,
        "hf_subset": "default",
        "languages": [
          "eng-Latn"
        ],
        "main_score": 0.8597975443941517,
        "manhattan_pearson": 0.8601396338756538,
        "manhattan_spearman": 0.8599864093027528,
        "pearson": 0.8538222727702044,
        "spearman": 0.8597975443941517
      }
    ]
  },
  "task_name": "STSBenchmark"
}