{
  "dataset_revision": "20a6d6f312dd54037fe07a32d58e5e168867909d",
  "evaluation_time": 334.17457699775696,
  "kg_co2_emissions": null,
  "mteb_version": "1.15.2",
  "scores": {
    "test": [
      {
        "cosine_pearson": 0.8383990840875428,
        "cosine_spearman": 0.8040193026177198,
        "euclidean_pearson": 0.8067304115201905,
        "euclidean_spearman": 0.8054865313318024,
        "hf_subset": "default",
        "languages": [
          "eng-Latn"
        ],
        "main_score": 0.8040193026177198,
        "manhattan_pearson": 0.8022830837354712,
        "manhattan_spearman": 0.8024229695342374,
        "pearson": 0.838399086367355,
        "spearman": 0.8040191353836571
      }
    ]
  },
  "task_name": "SICK-R"
}