{
  "dataset_revision": "20a6d6f312dd54037fe07a32d58e5e168867909d",
  "evaluation_time": 149.89020776748657,
  "kg_co2_emissions": null,
  "mteb_version": "1.15.2",
  "scores": {
    "test": [
      {
        "cosine_pearson": 0.8545028843360523,
        "cosine_spearman": 0.7981084394373146,
        "euclidean_pearson": 0.8268619222316906,
        "euclidean_spearman": 0.7981083308953074,
        "hf_subset": "default",
        "languages": [
          "eng-Latn"
        ],
        "main_score": 0.7981084394373146,
        "manhattan_pearson": 0.8268578058046785,
        "manhattan_spearman": 0.7979428215568316,
        "pearson": 0.8545028825155758,
        "spearman": 0.7981083977635702
      }
    ]
  },
  "task_name": "SICK-R"
}