{
  "dataset_revision": "b0fddb56ed78048fa8b90373c8a3cfc37b684831",
  "evaluation_time": 10.328865766525269,
  "kg_co2_emissions": null,
  "mteb_version": "1.15.2",
  "scores": {
    "test": [
      {
        "cosine_pearson": 0.8542383032195551,
        "cosine_spearman": 0.8607124973834748,
        "euclidean_pearson": 0.8607646932766052,
        "euclidean_spearman": 0.8607124973834748,
        "hf_subset": "default",
        "languages": [
          "eng-Latn"
        ],
        "main_score": 0.8607124973834748,
        "manhattan_pearson": 0.8610237986713543,
        "manhattan_spearman": 0.861010725629773,
        "pearson": 0.8542382962633543,
        "spearman": 0.8607152783120484
      }
    ]
  },
  "task_name": "STSBenchmark"
}