{
  "dataset_revision": "20a6d6f312dd54037fe07a32d58e5e168867909d",
  "evaluation_time": 334.1802225112915,
  "kg_co2_emissions": null,
  "mteb_version": "1.15.2",
  "scores": {
    "test": [
      {
        "cosine_pearson": 0.8375216833929948,
        "cosine_spearman": 0.8026583915358505,
        "euclidean_pearson": 0.8060843376905298,
        "euclidean_spearman": 0.8042523832558351,
        "hf_subset": "default",
        "languages": [
          "eng-Latn"
        ],
        "main_score": 0.8026583915358505,
        "manhattan_pearson": 0.7977771071541275,
        "manhattan_spearman": 0.7997892477510934,
        "pearson": 0.8375216775005054,
        "spearman": 0.8026584367034236
      }
    ]
  },
  "task_name": "SICK-R"
}