{
  "dataset_revision": "20a6d6f312dd54037fe07a32d58e5e168867909d",
  "evaluation_time": 5.066972732543945,
  "kg_co2_emissions": null,
  "mteb_version": "1.15.2",
  "scores": {
    "test": [
      {
        "cosine_pearson": 0.8395513505396072,
        "cosine_spearman": 0.776260053251816,
        "euclidean_pearson": 0.8077564706261514,
        "euclidean_spearman": 0.7760079836273432,
        "hf_subset": "default",
        "languages": [
          "eng-Latn"
        ],
        "main_score": 0.776260053251816,
        "manhattan_pearson": 0.8069027017390314,
        "manhattan_spearman": 0.7750297630664654,
        "pearson": 0.8395513508004749,
        "spearman": 0.7762603866160694
      }
    ]
  },
  "task_name": "SICK-R"
}