{
  "dataset_revision": "20a6d6f312dd54037fe07a32d58e5e168867909d",
  "evaluation_time": 14.51558518409729,
  "kg_co2_emissions": null,
  "mteb_version": "1.15.2",
  "scores": {
    "test": [
      {
        "cosine_pearson": 0.8399598728073824,
        "cosine_spearman": 0.805889688426685,
        "euclidean_pearson": 0.804983106992222,
        "euclidean_spearman": 0.8054143458533575,
        "hf_subset": "default",
        "languages": [
          "eng-Latn"
        ],
        "main_score": 0.805889688426685,
        "manhattan_pearson": 0.8012972330005426,
        "manhattan_spearman": 0.8022567945598625,
        "pearson": 0.8399598737302953,
        "spearman": 0.8058898490514408
      }
    ]
  },
  "task_name": "SICK-R"
}