{
  "dataset_revision": "b0fddb56ed78048fa8b90373c8a3cfc37b684831",
  "evaluation_time": 2.9478940963745117,
  "kg_co2_emissions": null,
  "mteb_version": "1.15.2",
  "scores": {
    "test": [
      {
        "cosine_pearson": 0.8382145114125075,
        "cosine_spearman": 0.8318765794064138,
        "euclidean_pearson": 0.8361694562139075,
        "euclidean_spearman": 0.832593786190416,
        "hf_subset": "default",
        "languages": [
          "eng-Latn"
        ],
        "main_score": 0.8318765794064138,
        "manhattan_pearson": 0.8287298136707935,
        "manhattan_spearman": 0.8249541082854526,
        "pearson": 0.8382145112349824,
        "spearman": 0.8318765794064138
      }
    ]
  },
  "task_name": "STSBenchmark"
}