{
  "dataset_revision": "20a6d6f312dd54037fe07a32d58e5e168867909d",
  "evaluation_time": 239.31001710891724,
  "kg_co2_emissions": null,
  "mteb_version": "1.15.2",
  "scores": {
    "test": [
      {
        "cosine_pearson": 0.8533976859209464,
        "cosine_spearman": 0.797828790802243,
        "euclidean_pearson": 0.8270395617133004,
        "euclidean_spearman": 0.7978619456723434,
        "hf_subset": "default",
        "languages": [
          "eng-Latn"
        ],
        "main_score": 0.797828790802243,
        "manhattan_pearson": 0.8264775444916838,
        "manhattan_spearman": 0.79735626358084,
        "pearson": 0.8533976891150379,
        "spearman": 0.7978287445194826
      }
    ]
  },
  "task_name": "SICK-R"
}