{
  "dataset_revision": "20a6d6f312dd54037fe07a32d58e5e168867909d",
  "evaluation_time": 39.572813749313354,
  "kg_co2_emissions": null,
  "mteb_version": "1.15.2",
  "scores": {
    "test": [
      {
        "cosine_pearson": 0.8538725824558855,
        "cosine_spearman": 0.7983470909444272,
        "euclidean_pearson": 0.8269269908715315,
        "euclidean_spearman": 0.7985473604928421,
        "hf_subset": "default",
        "languages": [
          "eng-Latn"
        ],
        "main_score": 0.7983470909444272,
        "manhattan_pearson": 0.8268840759879728,
        "manhattan_spearman": 0.7984615948407705,
        "pearson": 0.8538725840037804,
        "spearman": 0.7983472983672729
      }
    ]
  },
  "task_name": "SICK-R"
}