{
  "dataset_revision": "b0fddb56ed78048fa8b90373c8a3cfc37b684831",
  "evaluation_time": 85.66609311103821,
  "kg_co2_emissions": null,
  "mteb_version": "1.15.2",
  "scores": {
    "test": [
      {
        "cosine_pearson": 0.8436110208097746,
        "cosine_spearman": 0.8293207355855176,
        "euclidean_pearson": 0.8336803776724795,
        "euclidean_spearman": 0.8293207355855176,
        "hf_subset": "default",
        "languages": [
          "eng-Latn"
        ],
        "main_score": 0.8293207355855176,
        "manhattan_pearson": 0.8326851802754813,
        "manhattan_spearman": 0.8284666033834643,
        "pearson": 0.8436110208097746,
        "spearman": 0.8293207355855176
      }
    ]
  },
  "task_name": "STSBenchmark"
}