{
  "dataset_revision": "20a6d6f312dd54037fe07a32d58e5e168867909d",
  "evaluation_time": 39.42543411254883,
  "kg_co2_emissions": null,
  "mteb_version": "1.15.2",
  "scores": {
    "test": [
      {
        "cosine_pearson": 0.8536088506433085,
        "cosine_spearman": 0.7977923154094616,
        "euclidean_pearson": 0.8260491705427968,
        "euclidean_spearman": 0.7973241129122823,
        "hf_subset": "default",
        "languages": [
          "eng-Latn"
        ],
        "main_score": 0.7977923154094616,
        "manhattan_pearson": 0.8254002511352985,
        "manhattan_spearman": 0.7965932265099592,
        "pearson": 0.8536088535793467,
        "spearman": 0.7977921171413574
      }
    ]
  },
  "task_name": "SICK-R"
}