{
  "dataset_revision": "b0fddb56ed78048fa8b90373c8a3cfc37b684831",
  "evaluation_time": 7.518882751464844,
  "kg_co2_emissions": null,
  "mteb_version": "1.15.2",
  "scores": {
    "test": [
      {
        "cosine_pearson": 0.852027205849148,
        "cosine_spearman": 0.857474390108153,
        "euclidean_pearson": 0.8577482117095185,
        "euclidean_spearman": 0.8572893758922471,
        "hf_subset": "default",
        "languages": [
          "eng-Latn"
        ],
        "main_score": 0.857474390108153,
        "manhattan_pearson": 0.854334118084769,
        "manhattan_spearman": 0.8547479828532483,
        "pearson": 0.8520271838378675,
        "spearman": 0.857474390108153
      }
    ]
  },
  "task_name": "STSBenchmark"
}