{
  "dataset_revision": "b0fddb56ed78048fa8b90373c8a3cfc37b684831",
  "evaluation_time": 0.6055617332458496,
  "kg_co2_emissions": null,
  "mteb_version": "1.15.2",
  "scores": {
    "test": [
      {
        "cosine_pearson": 0.8274064209151643,
        "cosine_spearman": 0.8203246731235654,
        "euclidean_pearson": 0.8255616770238645,
        "euclidean_spearman": 0.8203246731235654,
        "hf_subset": "default",
        "languages": [
          "eng-Latn"
        ],
        "main_score": 0.8203246731235654,
        "manhattan_pearson": 0.8249144502944533,
        "manhattan_spearman": 0.8194552526855261,
        "pearson": 0.8274064271158966,
        "spearman": 0.8203246731235654
      }
    ]
  },
  "task_name": "STSBenchmark"
}