{
  "dataset_revision": "20a6d6f312dd54037fe07a32d58e5e168867909d",
  "evaluation_time": 39.49674987792969,
  "kg_co2_emissions": null,
  "mteb_version": "1.15.2",
  "scores": {
    "test": [
      {
        "cosine_pearson": 0.8533929883621905,
        "cosine_spearman": 0.7974476877378923,
        "euclidean_pearson": 0.8254697564434601,
        "euclidean_spearman": 0.796832960143238,
        "hf_subset": "default",
        "languages": [
          "eng-Latn"
        ],
        "main_score": 0.7974476877378923,
        "manhattan_pearson": 0.8231288291825349,
        "manhattan_spearman": 0.7952767939532006,
        "pearson": 0.8533929974191794,
        "spearman": 0.7974477453236652
      }
    ]
  },
  "task_name": "SICK-R"
}