{
  "dataset_revision": "20a6d6f312dd54037fe07a32d58e5e168867909d",
  "evaluation_time": 5.1110007762908936,
  "kg_co2_emissions": null,
  "mteb_version": "1.15.2",
  "scores": {
    "test": [
      {
        "cosine_pearson": 0.8384063161902338,
        "cosine_spearman": 0.7765914943958457,
        "euclidean_pearson": 0.8066261054504117,
        "euclidean_spearman": 0.7753148323758775,
        "hf_subset": "default",
        "languages": [
          "eng-Latn"
        ],
        "main_score": 0.7765914943958457,
        "manhattan_pearson": 0.8039425853689685,
        "manhattan_spearman": 0.7734028623583776,
        "pearson": 0.8384063173179339,
        "spearman": 0.7765916011511258
      }
    ]
  },
  "task_name": "SICK-R"
}