{
  "dataset_revision": "b0fddb56ed78048fa8b90373c8a3cfc37b684831",
  "evaluation_time": 1.1196117401123047,
  "kg_co2_emissions": null,
  "mteb_version": "1.15.2",
  "scores": {
    "test": [
      {
        "cosine_pearson": 0.8190533646083732,
        "cosine_spearman": 0.8130754247846679,
        "euclidean_pearson": 0.8208987275306768,
        "euclidean_spearman": 0.8153147663706968,
        "hf_subset": "default",
        "languages": [
          "eng-Latn"
        ],
        "main_score": 0.8130754247846679,
        "manhattan_pearson": 0.8104414281218122,
        "manhattan_spearman": 0.8072652309586473,
        "pearson": 0.819053364079693,
        "spearman": 0.8130754247846679
      }
    ]
  },
  "task_name": "STSBenchmark"
}