{
  "dataset_revision": "20a6d6f312dd54037fe07a32d58e5e168867909d",
  "evaluation_time": 5.112186670303345,
  "kg_co2_emissions": null,
  "mteb_version": "1.15.2",
  "scores": {
    "test": [
      {
        "cosine_pearson": 0.834042749566169,
        "cosine_spearman": 0.774881094435938,
        "euclidean_pearson": 0.8012609008748908,
        "euclidean_spearman": 0.7721678221110805,
        "hf_subset": "default",
        "languages": [
          "eng-Latn"
        ],
        "main_score": 0.774881094435938,
        "manhattan_pearson": 0.7904004100196806,
        "manhattan_spearman": 0.7679717747838548,
        "pearson": 0.8340427506648056,
        "spearman": 0.7748808139411666
      }
    ]
  },
  "task_name": "SICK-R"
}