{
  "dataset_revision": "b0fddb56ed78048fa8b90373c8a3cfc37b684831",
  "evaluation_time": 1.1984930038452148,
  "kg_co2_emissions": null,
  "mteb_version": "1.15.2",
  "scores": {
    "test": [
      {
        "cosine_pearson": 0.8122599088356302,
        "cosine_spearman": 0.8055089831596054,
        "euclidean_pearson": 0.8049325196315633,
        "euclidean_spearman": 0.7987481973844118,
        "hf_subset": "default",
        "languages": [
          "eng-Latn"
        ],
        "main_score": 0.8055089831596054,
        "manhattan_pearson": 0.7482159390864791,
        "manhattan_spearman": 0.7718029523404767,
        "pearson": 0.8122599170794067,
        "spearman": 0.8055089831596054
      }
    ]
  },
  "task_name": "STSBenchmark"
}