{
  "dataset_revision": "b0fddb56ed78048fa8b90373c8a3cfc37b684831",
  "evaluation_time": 1.9698255062103271,
  "kg_co2_emissions": null,
  "mteb_version": "1.15.2",
  "scores": {
    "test": [
      {
        "cosine_pearson": 0.840399611858348,
        "cosine_spearman": 0.8342190421330611,
        "euclidean_pearson": 0.8378671183953446,
        "euclidean_spearman": 0.8342190421330611,
        "hf_subset": "default",
        "languages": [
          "eng-Latn"
        ],
        "main_score": 0.8342190421330611,
        "manhattan_pearson": 0.8344085786399356,
        "manhattan_spearman": 0.8302900779808584,
        "pearson": 0.8403996110256972,
        "spearman": 0.8342190421330611
      }
    ]
  },
  "task_name": "STSBenchmark"
}